id,first_name,last_name,email,country,ip_address
1,Judith,Medina,jmedina0@dailymotion.com,Indonesia,129.202.135.234
2,Russell,Garrett,rgarrett1@msn.com,Philippines,220.41.16.13
3,Sandra,Schmidt,sschmidt2@imgur.com,China,234.228.206.236
4,Jesse,Austin,jaustin3@eepurl.com,Ivory Coast,161.218.237.59
5,Phillip,Wood,pwood4@pcworld.com,Poland,174.179.193.234
6,Shawn,Hunter,shunter5@theatlantic.com,Japan,84.132.143.132
7,Pamela,Parker,pparker6@ycombinator.com,Sweden,163.196.187.185
8,Edward,Clark,eclark7@tiny.cc,Kenya,58.58.193.38
9,Daniel,Cox,dcox8@slate.com,Ukraine,143.119.176.105
10,Gary,Porter,gporter9@free.fr,Thailand,65.163.27.208
11,Steven,Powell,spowella@ibm.com,China,67.138.154.55
12,Wayne,Holmes,wholmesb@360.cn,China,224.244.111.223
13,Diane,Vasquez,dvasquezc@goo.gl,Indonesia,228.102.12.241
14,Wayne,Fox,wfoxd@qq.com,Portugal,72.4.213.250
15,Nicole,Armstrong,narmstronge@hugedomains.com,Nicaragua,46.22.23.84
16,Kenneth,Kelley,kkelleyf@pagesperso-orange.fr,Dominican Republic,187.173.178.102
17,Evelyn,Carpenter,ecarpenterg@vistaprint.com,Portugal,80.180.176.88
18,Samuel,Reed,sreedh@marketwatch.com,Hungary,105.131.109.228
19,Eric,Vasquez,evasquezi@cam.ac.uk,Portugal,36.118.31.255
20,James,Cook,jcookj@thetimes.co.uk,Portugal,140.253.232.170
21,Victor,Hawkins,vhawkinsk@businessweek.com,Ireland,103.216.84.203
22,Lillian,Vasquez,lvasquezl@wikispaces.com,Portugal,252.151.75.118
23,Edward,Roberts,erobertsm@tinyurl.com,France,14.174.152.233
24,Sandra,Hamilton,shamiltonn@ning.com,Morocco,65.217.137.219
25,Norma,Dixon,ndixono@bloglovin.com,Sweden,222.172.105.133
26,Joshua,Fields,jfieldsp@usnews.com,Zimbabwe,218.144.45.144
27,Thomas,Murphy,tmurphyq@tmall.com,Peru,122.226.178.28
28,Alice,Robinson,arobinsonr@github.com,Indonesia,145.111.176.221
29,Jean,Greene,jgreenes@walmart.com,Colombia,169.68.171.131
30,Lawrence,Shaw,lshawt@webs.com,Sweden,148.251.32.233
31,Victor,Gordon,vgordonu@domainmarket.com,China,14.3.141.57
32,Randy,Wallace,rwallacev@oakley.com,Philippines,253.150.27.120
33,Joshua,Willis,jwillisw@imageshack.us,Finland,146.81.201.35
34,Sarah,Sullivan,ssullivanx@cloudflare.com,Nigeria,194.97.11.17
35,Russell,Bailey,rbaileyy@ehow.com,Guatemala,42.255.202.53
36,Arthur,Phillips,aphillipsz@goodreads.com,Bangladesh,167.57.110.120
37,Kevin,Sanchez,ksanchez10@angelfire.com,China,57.69.235.29
38,Nicholas,Parker,nparker11@bing.com,France,80.165.145.2
39,Emily,Ross,eross12@yahoo.com,Japan,197.140.135.77
40,Peter,Hill,phill13@infoseek.co.jp,Aland Islands,69.196.53.89
41,Todd,Johnston,tjohnston14@reverbnation.com,France,31.131.144.119
42,Carol,Harrison,charrison15@tinypic.com,China,108.15.172.28
43,Brenda,Grant,bgrant16@opera.com,Croatia,67.207.82.221
44,Jeremy,Knight,jknight17@google.it,Portugal,2.8.112.147
45,Nancy,Martinez,nmartinez18@cbsnews.com,Sweden,123.139.119.145
46,Deborah,Hill,dhill19@wsj.com,Poland,1.138.38.199
47,Carl,Watkins,cwatkins1a@ucoz.ru,Russia,219.95.182.249
48,Laura,Butler,lbutler1b@simplemachines.org,Azerbaijan,134.239.206.212
49,Brian,Fields,bfields1c@globo.com,Russia,177.243.236.186
50,Shawn,Martin,smartin1d@jimdo.com,Russia,239.127.91.75
51,Earl,Franklin,efranklin1e@1688.com,Ukraine,124.150.241.224
52,Roy,Greene,rgreene1f@gizmodo.com,China,120.216.128.138
53,Marilyn,Palmer,mpalmer1g@godaddy.com,China,189.77.84.127
54,Alan,Warren,awarren1h@constantcontact.com,Philippines,44.107.114.140
55,Ashley,Carr,acarr1i@cbsnews.com,Philippines,227.218.49.143
56,Emily,Parker,eparker1j@uiuc.edu,Venezuela,227.147.63.1
57,Nicole,Willis,nwillis1k@pinterest.com,China,61.26.3.247
58,Edward,Marshall,emarshall1l@homestead.com,Canada,119.124.140.59
59,Elizabeth,Reyes,ereyes1m@zimbio.com,China,122.118.157.201
60,Terry,Robertson,trobertson1n@example.com,Poland,169.34.45.114
61,Steven,Garrett,sgarrett1o@chicagotribune.com,Brazil,37.85.218.93
62,Christopher,Fox,cfox1p@narod.ru,Japan,135.185.84.59
63,Bobby,Kelley,bkelley1q@yale.edu,Dominican Republic,253.123.12.102
64,Phyllis,Wilson,pwilson1r@chron.com,Argentina,104.202.205.195
65,Ernest,Hamilton,ehamilton1s@godaddy.com,Indonesia,191.80.131.221
66,Beverly,Washington,bwashington1t@umich.edu,France,23.206.67.11
67,Philip,Patterson,ppatterson1u@phoca.cz,Philippines,126.206.61.34
68,Peter,Mitchell,pmitchell1v@gravatar.com,China,178.72.126.144
69,Andrew,Ortiz,aortiz1w@linkedin.com,United States,254.3.240.75
70,Ernest,Kelly,ekelly1x@boston.com,Thailand,240.228.48.250
71,Betty,Gonzales,bgonzales1y@si.edu,East Timor,224.203.114.71
72,Ralph,Henderson,rhenderson1z@blogs.com,Mexico,173.97.189.15
73,Carlos,Owens,cowens20@zimbio.com,Sweden,103.15.217.236
74,Dennis,Harrison,dharrison21@sun.com,China,109.8.237.247
75,Denise,Gordon,dgordon22@google.com,Tunisia,149.66.17.40
76,Johnny,Allen,jallen23@facebook.com,Russia,98.15.18.119
77,Jason,Washington,jwashington24@slashdot.org,China,161.173.11.133
78,Joshua,Hunter,jhunter25@tinyurl.com,Portugal,135.54.234.40
79,Daniel,Reynolds,dreynolds26@blogs.com,Hungary,175.244.105.25
80,Emily,Olson,eolson27@shareasale.com,Ukraine,181.153.215.207
81,Pamela,West,pwest28@miibeian.gov.cn,Germany,90.82.37.68
82,Kelly,Harvey,kharvey29@geocities.com,Thailand,132.74.253.186
83,Kenneth,Wallace,kwallace2a@ted.com,China,218.136.157.205
84,Chris,Smith,csmith2b@ox.ac.uk,Greece,237.77.254.90
85,Mark,Ryan,mryan2c@linkedin.com,Ukraine,145.160.100.62
86,Evelyn,Powell,epowell2d@diigo.com,Ukraine,48.83.51.127
87,Jacqueline,Elliott,jelliott2e@tamu.edu,Malaysia,37.186.189.112
88,Ruth,Hayes,rhayes2f@alibaba.com,Russia,46.188.67.50
89,Eric,Simpson,esimpson2g@delicious.com,China,252.15.130.180
90,Henry,Burns,hburns2h@so-net.ne.jp,Yemen,122.25.79.188
91,Tammy,Sanders,tsanders2i@drupal.org,China,181.100.36.26
92,Jerry,Vasquez,jvasquez2j@miitbeian.gov.cn,Indonesia,216.181.43.15
93,Martha,Palmer,mpalmer2k@geocities.com,Indonesia,66.16.173.71
94,Steven,Elliott,selliott2l@virginia.edu,Indonesia,10.19.223.64
95,Phillip,Sullivan,psullivan2m@about.me,Philippines,254.61.148.131
96,Marilyn,Hansen,mhansen2n@dagondesign.com,Morocco,149.222.165.226
97,Brandon,Rodriguez,brodriguez2o@answers.com,China,125.156.56.35
98,Jose,Lopez,jlopez2p@usa.gov,Tajikistan,138.136.77.144
99,Jason,Hart,jhart2q@cbc.ca,Sri Lanka,146.30.28.3
100,Kelly,Phillips,kphillips2r@fema.gov,Iran,214.242.57.56
101,Raymond,Williamson,rwilliamson2s@parallels.com,France,84.241.70.151
102,Gary,Hamilton,ghamilton2t@furl.net,Philippines,212.243.7.53
103,Stephanie,Roberts,sroberts2u@nbcnews.com,Brazil,198.141.211.154
104,Carolyn,Ryan,cryan2v@dailymail.co.uk,Argentina,49.27.81.8
105,Shirley,Owens,sowens2w@ebay.co.uk,Malaysia,240.26.129.24
106,Andrea,Matthews,amatthews2x@vistaprint.com,Poland,18.169.14.110
107,Doris,Smith,dsmith2y@freewebs.com,Philippines,116.227.255.36
108,Ralph,Bailey,rbailey2z@multiply.com,Syria,199.106.13.118
109,Alice,Hansen,ahansen30@unicef.org,Ecuador,244.237.34.3
110,Victor,Oliver,voliver31@engadget.com,Armenia,126.38.121.229
111,Tina,Meyer,tmeyer32@upenn.edu,France,160.37.241.61
112,Rose,Wheeler,rwheeler33@google.com.br,Serbia,83.221.9.118
113,Julia,Webb,jwebb34@disqus.com,China,89.39.176.120
114,Michael,Garza,mgarza35@usatoday.com,China,217.44.87.169
115,Janet,Burns,jburns36@com.com,Nigeria,219.160.52.6
116,Shawn,Cox,scox37@goodreads.com,Russia,160.105.142.96
117,Jose,Pierce,jpierce38@aol.com,China,131.69.230.162
118,Carolyn,Robinson,crobinson39@oracle.com,Greece,177.33.36.212
119,Carol,Jacobs,cjacobs3a@admin.ch,Lithuania,200.101.231.112
120,Philip,Henry,phenry3b@pbs.org,Indonesia,83.178.114.119
121,Richard,Fox,rfox3c@apple.com,Brazil,189.216.165.235
122,Ryan,Harris,rharris3d@lulu.com,Vietnam,199.88.233.241
123,Brian,Jacobs,bjacobs3e@google.ca,Colombia,197.10.23.116
124,Harold,Stanley,hstanley3f@51.la,Samoa,86.14.166.14
125,Sharon,Robinson,srobinson3g@liveinternet.ru,Greece,172.232.213.130
126,Rebecca,Stanley,rstanley3h@acquirethisname.com,Peru,160.56.134.204
127,Irene,Alexander,ialexander3i@uol.com.br,Mexico,64.68.38.208
128,Paul,Fields,pfields3j@weebly.com,Indonesia,56.131.172.196
129,Joyce,Allen,jallen3k@go.com,Belarus,102.202.145.81
130,Ann,Davis,adavis3l@go.com,Japan,116.171.195.0
131,Martha,Ortiz,mortiz3m@ow.ly,Chile,152.198.144.16
132,Julia,Campbell,jcampbell3n@bloomberg.com,China,236.195.92.63
133,Catherine,Brooks,cbrooks3o@hexun.com,Serbia,122.225.93.220
134,Jennifer,Ward,jward3p@360.cn,Poland,61.169.96.19
135,William,Spencer,wspencer3q@unesco.org,Netherlands,47.130.14.189
136,Carolyn,Adams,cadams3r@columbia.edu,Canada,176.81.109.242
137,Eugene,Armstrong,earmstrong3s@vistaprint.com,Indonesia,70.4.146.154
138,Theresa,Miller,tmiller3t@techcrunch.com,Finland,45.171.162.19
139,Angela,Henderson,ahenderson3u@g.co,France,207.164.233.146
140,Diana,Wood,dwood3v@mozilla.org,China,52.50.55.187
141,Brandon,Daniels,bdaniels3w@seesaa.net,Indonesia,140.85.73.235
142,Richard,Wells,rwells3x@prlog.org,China,126.106.117.191
143,Kenneth,Jenkins,kjenkins3y@hexun.com,Russia,127.168.52.200
144,Wanda,Reyes,wreyes3z@webnode.com,Uganda,92.205.189.243
145,Ann,Garcia,agarcia40@hugedomains.com,Brazil,76.2.77.73
146,Kenneth,Arnold,karnold41@purevolume.com,Czech Republic,24.49.5.117
147,Victor,Reid,vreid42@epa.gov,Russia,112.101.255.178
148,Shawn,Davis,sdavis43@sfgate.com,Portugal,34.48.109.44
149,Nancy,Ward,nward44@moonfruit.com,Philippines,173.193.94.119
150,Pamela,Jordan,pjordan45@w3.org,Philippines,142.127.61.41
151,Douglas,Woods,dwoods46@ftc.gov,China,86.169.20.115
152,Mark,Price,mprice47@wsj.com,Uzbekistan,164.94.72.44
153,Theresa,Snyder,tsnyder48@diigo.com,Indonesia,98.5.244.167
154,Virginia,Gomez,vgomez49@blogger.com,Sweden,154.188.76.182
155,Susan,Kelly,skelly4a@wiley.com,Turkmenistan,0.85.212.46
156,Sarah,Scott,sscott4b@digg.com,Yemen,73.184.7.254
157,Sean,Diaz,sdiaz4c@cafepress.com,France,190.1.147.127
158,Laura,Stephens,lstephens4d@disqus.com,China,101.137.79.37
159,Mark,Watson,mwatson4e@networksolutions.com,Russia,206.106.114.249
160,Christina,Cook,ccook4f@is.gd,China,234.54.19.168
161,Terry,Adams,tadams4g@cbc.ca,Indonesia,4.179.10.109
162,Judy,Palmer,jpalmer4h@cnn.com,China,205.80.55.103
163,Kathy,Willis,kwillis4i@adobe.com,Russia,58.90.31.35
164,Wayne,Little,wlittle4j@huffingtonpost.com,Indonesia,142.77.105.36
165,Antonio,Hicks,ahicks4k@163.com,Paraguay,163.12.51.137
166,Brian,Kelley,bkelley4l@cdbaby.com,Poland,32.193.130.229
167,Helen,Fowler,hfowler4m@redcross.org,Egypt,224.16.31.122
168,Daniel,Romero,dromero4n@joomla.org,Mongolia,150.145.93.199
169,Laura,Harper,lharper4o@cbc.ca,Mexico,130.171.111.41
170,Ryan,Peterson,rpeterson4p@wufoo.com,Poland,97.185.126.177
171,Mary,Roberts,mroberts4q@statcounter.com,Indonesia,228.6.239.137
172,Alan,Graham,agraham4r@free.fr,Bolivia,181.197.216.55
173,Linda,Cunningham,lcunningham4s@merriam-webster.com,New Zealand,121.85.190.97
174,Joshua,Clark,jclark4t@ifeng.com,China,99.215.56.248
175,Earl,Burke,eburke4u@bbb.org,Peru,109.113.78.158
176,Martin,Fowler,mfowler4v@dyndns.org,Russia,130.18.5.123
177,Debra,Dean,ddean4w@nbcnews.com,Thailand,146.180.45.72
178,Peter,Wilson,pwilson4x@eventbrite.com,Portugal,85.169.109.247
179,Donna,Hughes,dhughes4y@cam.ac.uk,Indonesia,140.212.179.79
180,Martin,Banks,mbanks4z@columbia.edu,Indonesia,76.10.250.192
181,Donna,Stewart,dstewart50@joomla.org,Colombia,231.98.109.195
182,Donna,Garcia,dgarcia51@liveinternet.ru,China,84.234.253.202
183,Laura,Nelson,lnelson52@networkadvertising.org,United States,244.93.135.29
184,Eric,Thomas,ethomas53@nyu.edu,Philippines,6.75.66.127
185,Howard,Washington,hwashington54@gizmodo.com,China,216.220.144.130
186,Joe,Warren,jwarren55@auda.org.au,Indonesia,141.159.144.245
187,Helen,James,hjames56@businesswire.com,Ukraine,79.142.28.168
188,Joan,Austin,jaustin57@yellowbook.com,Indonesia,185.131.220.203
189,Tammy,Lynch,tlynch58@meetup.com,Colombia,222.212.69.43
190,Joyce,Kelley,jkelley59@51.la,Costa Rica,17.255.188.235
191,Billy,Bradley,bbradley5a@sun.com,Indonesia,157.195.127.140
192,Virginia,Frazier,vfrazier5b@qq.com,Argentina,120.40.143.99
193,Irene,Cox,icox5c@sbwire.com,Lebanon,15.154.250.63
194,Carolyn,Taylor,ctaylor5d@lycos.com,Macedonia,187.244.64.234
195,Virginia,Rice,vrice5e@springer.com,Bahamas,29.118.109.124
196,Howard,Shaw,hshaw5f@blogspot.com,Belarus,92.91.52.113
197,Richard,Carroll,rcarroll5g@biblegateway.com,Portugal,29.178.97.224
198,Beverly,Vasquez,bvasquez5h@rakuten.co.jp,Philippines,189.195.153.117
199,Gerald,Rose,grose5i@dropbox.com,Zambia,231.138.216.140
200,Christina,Davis,cdavis5j@irs.gov,Indonesia,106.151.48.148
201,Heather,Sanchez,hsanchez5k@google.com.au,Indonesia,79.192.203.22
202,Gary,Reed,greed5l@google.co.jp,Brazil,51.182.104.109
203,Gerald,Garrett,ggarrett5m@mlb.com,Tunisia,85.156.116.106
204,Catherine,Robertson,crobertson5n@w3.org,China,151.23.26.235
205,Theresa,West,twest5o@ebay.com,China,28.96.35.228
206,Randy,Ferguson,rferguson5p@mozilla.org,France,157.162.167.58
207,Joan,Fields,jfields5q@patch.com,China,59.58.209.38
208,Justin,Alvarez,jalvarez5r@jalbum.net,Indonesia,67.22.202.195
209,Chris,Bishop,cbishop5s@hud.gov,Portugal,225.213.167.89
210,Betty,Foster,bfoster5t@google.it,Indonesia,116.157.251.142
211,Joan,Watson,jwatson5u@biblegateway.com,Haiti,58.158.218.166
212,Jerry,Ryan,jryan5v@sciencedaily.com,China,84.83.27.86
213,Denise,Hall,dhall5w@i2i.jp,Greece,140.171.96.166
214,Raymond,Montgomery,rmontgomery5x@sina.com.cn,United States,135.228.52.213
215,Robert,Riley,rriley5y@ow.ly,Croatia,59.237.225.252
216,Judith,Parker,jparker5z@ucla.edu,Myanmar,68.251.136.52
217,Doris,Jenkins,djenkins60@ucsd.edu,Sweden,119.98.189.112
218,Bruce,Spencer,bspencer61@harvard.edu,Morocco,52.129.88.174
219,Kevin,Bradley,kbradley62@livejournal.com,Peru,252.1.235.254
220,Denise,Gonzalez,dgonzalez63@last.fm,China,247.123.121.227
221,Melissa,Ford,mford64@mysql.com,China,97.63.195.224
222,Kimberly,Rodriguez,krodriguez65@wordpress.org,France,117.238.72.57
223,Rose,Shaw,rshaw66@wordpress.com,Nigeria,13.94.12.254
224,Jonathan,Brooks,jbrooks67@squarespace.com,Indonesia,212.111.245.6
225,Joyce,Johnson,jjohnson68@economist.com,Tunisia,124.23.122.243
226,Justin,Willis,jwillis69@webeden.co.uk,Philippines,233.133.67.67
227,Joshua,Sanchez,jsanchez6a@delicious.com,Russia,184.89.252.203
228,Brenda,Vasquez,bvasquez6b@hatena.ne.jp,Malaysia,159.216.12.45
229,Pamela,Long,plong6c@tinyurl.com,Japan,173.38.245.160
230,Larry,Foster,lfoster6d@yellowbook.com,Croatia,49.154.141.150
231,Carol,Gardner,cgardner6e@mapy.cz,France,25.9.224.251
232,Joseph,Webb,jwebb6f@vinaora.com,Ukraine,156.136.84.77
233,Julia,Griffin,jgriffin6g@businessinsider.com,Central African Republic,107.71.233.233
234,Phillip,Holmes,pholmes6h@usnews.com,Sweden,75.233.100.13
235,Cynthia,Cook,ccook6i@topsy.com,France,69.28.69.98
236,Jimmy,Greene,jgreene6j@reuters.com,Brazil,171.100.76.95
237,Timothy,Hansen,thansen6k@cam.ac.uk,Russia,171.29.9.81
238,Cheryl,Garrett,cgarrett6l@ebay.co.uk,China,138.94.45.67
239,Tammy,George,tgeorge6m@barnesandnoble.com,Indonesia,190.109.69.188
240,Eric,Jones,ejones6n@yahoo.co.jp,Bhutan,11.37.161.132
241,Christine,Carter,ccarter6o@ustream.tv,Nigeria,18.4.80.4
242,Anne,Kelly,akelly6p@simplemachines.org,United States,98.220.212.30
243,Anthony,Payne,apayne6q@ifeng.com,Canada,110.133.164.146
244,Steve,Martin,smartin6r@tiny.cc,China,40.29.196.21
245,Phyllis,Ray,pray6s@pinterest.com,Russia,87.90.152.194
246,Martin,Andrews,mandrews6t@livejournal.com,Russia,115.210.205.254
247,Shawn,Oliver,soliver6u@yolasite.com,Japan,64.136.239.36
248,Nicole,Webb,nwebb6v@unicef.org,Japan,104.201.106.126
249,Jeffrey,Lane,jlane6w@cnet.com,Vietnam,60.114.189.138
250,Christopher,Lane,clane6x@boston.com,United States,139.21.108.254
251,Earl,Arnold,earnold6y@google.nl,China,30.23.219.112
252,Russell,Cruz,rcruz6z@github.com,Poland,12.74.161.63
253,Albert,Cooper,acooper70@unicef.org,China,240.126.26.166
254,Marilyn,Butler,mbutler71@webnode.com,Germany,170.250.240.223
255,Annie,Young,ayoung72@parallels.com,Venezuela,91.111.146.73
256,Carolyn,Simmons,csimmons73@xing.com,Panama,81.105.111.201
257,Justin,Fowler,jfowler74@bloglovin.com,Russia,75.63.66.138
258,Diane,Jones,djones75@live.com,China,155.249.236.162
259,Harold,Reed,hreed76@mediafire.com,Venezuela,225.68.69.205
260,Janice,Rose,jrose77@xrea.com,Slovenia,228.33.51.216
261,George,Gomez,ggomez78@amazon.co.jp,China,190.89.173.155
262,Adam,Knight,aknight79@wix.com,Yemen,246.55.244.136
263,Johnny,Dean,jdean7a@etsy.com,Indonesia,30.18.224.71
264,Cynthia,Brooks,cbrooks7b@upenn.edu,Indonesia,109.158.161.39
265,Andrew,Banks,abanks7c@bluehost.com,Bolivia,202.225.186.222
266,John,Wagner,jwagner7d@ning.com,Mongolia,176.158.64.50
267,Joshua,Clark,jclark7e@hc360.com,Japan,144.47.50.144
268,Virginia,Williamson,vwilliamson7f@patch.com,Sweden,39.36.50.213
269,Terry,Hansen,thansen7g@chronoengine.com,Ireland,233.241.169.204
270,Pamela,Alexander,palexander7h@netlog.com,Colombia,16.205.171.207
271,Walter,Montgomery,wmontgomery7i@addtoany.com,Indonesia,91.82.120.1
272,Betty,Bryant,bbryant7j@go.com,Yemen,85.111.179.25
273,Jack,Hughes,jhughes7k@hao123.com,Zambia,121.177.127.18
274,Katherine,Mcdonald,kmcdonald7l@goo.gl,Pakistan,24.177.110.90
275,Russell,Patterson,rpatterson7m@instagram.com,Russia,2.123.239.34
276,Lillian,Adams,ladams7n@imageshack.us,Philippines,10.172.63.229
277,Julie,Bowman,jbowman7o@1688.com,Czech Republic,20.145.152.135
278,Jennifer,Wagner,jwagner7p@eepurl.com,Cuba,174.172.233.204
279,Russell,Foster,rfoster7q@storify.com,Belarus,17.185.251.10
280,Amanda,Phillips,aphillips7r@ft.com,Nigeria,21.69.235.26
281,Willie,Carr,wcarr7s@arizona.edu,Poland,19.241.176.201
282,Sean,Elliott,selliott7t@goodreads.com,Somalia,46.19.171.109
283,Richard,Nguyen,rnguyen7u@about.com,Zimbabwe,126.35.44.59
284,Joshua,Brown,jbrown7v@pen.io,France,242.53.112.61
285,Arthur,Reid,areid7w@so-net.ne.jp,Poland,45.196.112.37
286,Rebecca,Gardner,rgardner7x@cbsnews.com,Peru,216.167.84.236
287,Martin,Davis,mdavis7y@joomla.org,Sweden,171.211.27.206
288,Patrick,Grant,pgrant7z@vimeo.com,Indonesia,38.148.132.251
289,Michael,Hughes,mhughes80@disqus.com,Philippines,193.197.224.52
290,Harry,Carroll,hcarroll81@studiopress.com,Japan,4.201.121.34
291,Annie,Hudson,ahudson82@xinhuanet.com,Uganda,117.44.57.44
292,Ashley,Hunt,ahunt83@bravesites.com,Greece,180.180.124.86
293,Albert,Richardson,arichardson84@toplist.cz,Azerbaijan,175.8.106.121
294,Brandon,Myers,bmyers85@sciencedirect.com,Russia,202.70.59.20
295,Stephanie,Jones,sjones86@gizmodo.com,Albania,22.123.106.17
296,Theresa,Wagner,twagner87@jiathis.com,China,242.137.137.55
297,Sharon,Williamson,swilliamson88@mashable.com,Russia,89.48.169.234
298,Louise,Carpenter,lcarpenter89@woothemes.com,Kazakhstan,110.157.14.199
299,Aaron,Fox,afox8a@rakuten.co.jp,Indonesia,34.81.243.248
300,Bruce,Watson,bwatson8b@tiny.cc,Ukraine,163.130.90.165
301,Rebecca,Black,rblack8c@acquirethisname.com,Japan,107.8.26.229
302,Kelly,Lawrence,klawrence8d@nasa.gov,Russia,54.99.158.39
303,Louise,Austin,laustin8e@timesonline.co.uk,China,52.98.53.174
304,Randy,Ross,rross8f@prnewswire.com,Comoros,116.189.122.130
305,Richard,Price,rprice8g@census.gov,China,218.33.73.16
306,Ruth,Kelley,rkelley8h@storify.com,Indonesia,30.80.199.7
307,Rebecca,Evans,revans8i@tripadvisor.com,Mauritius,51.252.209.50
308,Alice,Stewart,astewart8j@dmoz.org,Mexico,156.147.49.104
309,Emily,Holmes,eholmes8k@exblog.jp,Canada,162.193.27.74
310,Harry,Grant,hgrant8l@marriott.com,Indonesia,78.217.237.94
311,Marie,Flores,mflores8m@123-reg.co.uk,Paraguay,54.55.214.0
312,Martha,Smith,msmith8n@chicagotribune.com,Iran,70.151.181.164
313,Richard,Dean,rdean8o@deviantart.com,Costa Rica,12.67.30.255
314,Susan,Walker,swalker8p@cpanel.net,Syria,167.123.134.26
315,Catherine,Baker,cbaker8q@ustream.tv,Argentina,177.59.181.54
316,John,Bishop,jbishop8r@etsy.com,France,92.231.41.220
317,Matthew,Bell,mbell8s@dion.ne.jp,Panama,181.37.253.22
318,Judith,Bryant,jbryant8t@google.nl,Myanmar,175.33.235.119
319,Keith,Howell,khowell8u@ezinearticles.com,China,208.12.250.121
320,Irene,Wagner,iwagner8v@bbb.org,Sweden,66.236.196.255
321,Anthony,Burton,aburton8w@cafepress.com,Australia,193.169.74.242
322,Heather,Grant,hgrant8x@cbc.ca,Indonesia,4.98.93.3
323,Tammy,Peterson,tpeterson8y@ihg.com,South Africa,67.9.25.240
324,Dennis,Cooper,dcooper8z@dyndns.org,China,24.76.85.133
325,Teresa,Long,tlong90@google.com.hk,Cuba,13.225.98.182
326,James,Perry,jperry91@berkeley.edu,Czech Republic,60.152.215.17
327,Shawn,Robertson,srobertson92@canalblog.com,Russia,60.94.101.201
328,Elizabeth,Wheeler,ewheeler93@pagesperso-orange.fr,Ivory Coast,194.111.55.125
329,Harold,Clark,hclark94@tamu.edu,Cameroon,90.45.73.66
330,Irene,Franklin,ifranklin95@mozilla.org,Indonesia,19.49.237.220
331,Peter,Stewart,pstewart96@usnews.com,Norway,88.198.68.10
332,Julia,Thompson,jthompson97@liveinternet.ru,Greece,221.75.56.253
333,Wanda,Austin,waustin98@imdb.com,Canada,105.202.166.178
334,Matthew,Ramos,mramos99@tmall.com,China,229.43.73.84
335,Janice,Berry,jberry9a@hatena.ne.jp,Brazil,146.5.20.8
336,William,Sanders,wsanders9b@is.gd,Philippines,97.61.235.46
337,Paula,Wells,pwells9c@rambler.ru,Colombia,134.76.62.239
338,Sandra,Matthews,smatthews9d@gnu.org,Argentina,206.190.212.125
339,Laura,Weaver,lweaver9e@mozilla.org,Indonesia,51.66.7.210
340,Aaron,Simmons,asimmons9f@digg.com,Philippines,138.25.70.8
341,Michael,Clark,mclark9g@dropbox.com,Finland,187.33.206.131
342,Edward,Weaver,eweaver9h@gov.uk,Angola,156.0.27.99
343,Ruby,Frazier,rfrazier9i@nydailynews.com,Indonesia,174.166.50.181
344,Helen,Fowler,hfowler9j@furl.net,Canada,209.181.118.91
345,Nancy,Payne,npayne9k@mysql.com,Ethiopia,117.227.13.249
346,Rose,Kelly,rkelly9l@foxnews.com,Japan,169.185.205.219
347,Maria,Simmons,msimmons9m@sbwire.com,Indonesia,207.209.16.7
348,Howard,Lee,hlee9n@quantcast.com,China,167.143.235.9
349,Anna,Taylor,ataylor9o@icq.com,China,210.4.12.96
350,Katherine,Fox,kfox9p@state.gov,United States,202.219.235.85
351,Janet,Duncan,jduncan9q@twitpic.com,Peru,128.155.221.174
352,Lillian,Bryant,lbryant9r@purevolume.com,Portugal,132.29.244.111
353,Mary,Simmons,msimmons9s@mlb.com,Belarus,174.81.30.76
354,Lori,Ryan,lryan9t@ocn.ne.jp,Russia,254.181.230.56
355,George,Hamilton,ghamilton9u@jigsy.com,French Polynesia,65.126.167.108
356,Gloria,Perkins,gperkins9v@usa.gov,Russia,231.215.64.100
357,Linda,Fields,lfields9w@constantcontact.com,Czech Republic,227.19.174.22
358,Diane,Barnes,dbarnes9x@mac.com,Czech Republic,95.36.59.123
359,Teresa,Taylor,ttaylor9y@rambler.ru,China,51.189.249.206
360,Kevin,Jacobs,kjacobs9z@unblog.fr,Russia,170.67.46.176
361,Stephen,White,swhitea0@alibaba.com,Tunisia,245.26.59.55
362,Jimmy,Chavez,jchaveza1@deviantart.com,France,182.171.20.200
363,Todd,Jordan,tjordana2@nbcnews.com,Russia,167.19.180.137
364,Evelyn,Frazier,efraziera3@nationalgeographic.com,China,85.252.84.120
365,Eric,Taylor,etaylora4@ucla.edu,Portugal,73.174.86.53
366,Laura,Thompson,lthompsona5@fc2.com,Tajikistan,41.128.128.229
367,John,Peters,jpetersa6@go.com,China,217.191.112.35
368,Richard,Wood,rwooda7@sina.com.cn,France,22.85.222.35
369,Dorothy,Adams,dadamsa8@mapquest.com,Kenya,54.146.33.42
370,Amy,Ortiz,aortiza9@gmpg.org,France,9.75.170.76
371,Tina,Kelly,tkellyaa@google.ca,China,237.80.233.221
372,Juan,Brooks,jbrooksab@who.int,Nigeria,103.50.193.86
373,Frank,Hernandez,fhernandezac@ning.com,Indonesia,80.7.5.175
374,Brenda,Medina,bmedinaad@furl.net,Russia,58.22.185.138
375,Anthony,Austin,aaustinae@tiny.cc,Italy,98.236.119.203
376,Jimmy,Howell,jhowellaf@vimeo.com,Indonesia,233.181.110.101
377,Ruby,Peterson,rpetersonag@nasa.gov,Pakistan,56.253.140.90
378,Donna,Alexander,dalexanderah@imageshack.us,Wallis and Futuna,67.178.221.109
379,James,Willis,jwillisai@comsenz.com,Argentina,202.58.21.47
380,Ernest,Gomez,egomezaj@netscape.com,Indonesia,253.198.45.119
381,Timothy,Peterson,tpetersonak@ameblo.jp,Indonesia,70.157.51.143
382,Eugene,Daniels,edanielsal@webeden.co.uk,Sweden,133.187.49.32
383,Denise,Collins,dcollinsam@clickbank.net,China,126.70.178.158
384,Julie,Medina,jmedinaan@oaic.gov.au,New Zealand,51.131.82.149
385,Brian,Mills,bmillsao@wufoo.com,Indonesia,97.159.113.147
386,Jane,Meyer,jmeyerap@fc2.com,China,21.16.185.188
387,Sara,Cunningham,scunninghamaq@miitbeian.gov.cn,Pakistan,102.2.232.223
388,Susan,Wagner,swagnerar@youtu.be,Russia,166.103.12.162
389,Diana,Dean,ddeanas@gizmodo.com,Russia,240.73.142.203
390,Jimmy,Thomas,jthomasat@mapy.cz,China,213.157.223.120
391,Jose,Graham,jgrahamau@bing.com,French Guiana,129.222.105.69
392,Timothy,Fox,tfoxav@google.it,Nicaragua,21.16.109.198
393,Heather,Murray,hmurrayaw@aboutads.info,Venezuela,154.239.226.112
394,Benjamin,Patterson,bpattersonax@shareasale.com,Philippines,192.7.110.94
395,Bonnie,Murphy,bmurphyay@xinhuanet.com,Sweden,120.152.189.11
396,Roy,Torres,rtorresaz@flickr.com,Indonesia,156.145.86.90
397,Wayne,Daniels,wdanielsb0@techcrunch.com,Brazil,244.175.182.137
398,Ralph,Flores,rfloresb1@accuweather.com,Indonesia,63.216.39.5
399,Daniel,Cooper,dcooperb2@qq.com,Philippines,113.61.158.95
400,Karen,Johnston,kjohnstonb3@japanpost.jp,Philippines,168.242.77.133
401,Irene,Hayes,ihayesb4@cpanel.net,Poland,162.144.5.40
402,Elizabeth,Bishop,ebishopb5@go.com,Cuba,255.224.33.64
403,Maria,Jones,mjonesb6@tinyurl.com,Egypt,227.34.70.132
404,Susan,Henry,shenryb7@yellowbook.com,China,170.175.134.104
405,Judith,Murray,jmurrayb8@woothemes.com,Madagascar,219.141.223.87
406,Roy,Medina,rmedinab9@themeforest.net,China,247.227.160.63
407,Victor,Jones,vjonesba@nytimes.com,Saudi Arabia,161.163.226.158
408,Jesse,Thomas,jthomasbb@state.gov,China,227.45.155.248
409,Philip,Freeman,pfreemanbc@redcross.org,Croatia,55.12.162.180
410,Margaret,Hanson,mhansonbd@msu.edu,Indonesia,6.130.45.172
411,Clarence,Lee,cleebe@hud.gov,Nigeria,210.169.89.171
412,Joe,Turner,jturnerbf@instagram.com,Russia,24.201.241.15
413,Justin,Gardner,jgardnerbg@g.co,Macedonia,10.167.121.161
414,Anne,Harvey,aharveybh@sourceforge.net,Indonesia,11.177.199.165
415,Johnny,Jenkins,jjenkinsbi@hao123.com,Czech Republic,76.201.192.145
416,Todd,Cooper,tcooperbj@trellian.com,Colombia,171.190.194.124
417,Paula,Wilson,pwilsonbk@ovh.net,Ukraine,37.92.66.142
418,Walter,Cole,wcolebl@edublogs.org,Portugal,138.97.178.38
419,Roy,Perez,rperezbm@jalbum.net,China,0.15.152.82
420,Juan,Duncan,jduncanbn@chicagotribune.com,Russia,122.141.251.148
421,Joan,Murphy,jmurphybo@dropbox.com,Philippines,107.76.47.217
422,Anna,Johnson,ajohnsonbp@boston.com,Indonesia,189.206.87.237
423,Jane,Reynolds,jreynoldsbq@xing.com,Peru,15.188.29.12
424,Barbara,Cook,bcookbr@seattletimes.com,Russia,182.176.0.234
425,Sarah,Torres,storresbs@tiny.cc,Greece,221.231.90.147
426,Brian,Evans,bevansbt@disqus.com,China,183.16.243.247
427,Willie,Ramirez,wramirezbu@youtube.com,China,0.173.4.199
428,Brian,Gonzalez,bgonzalezbv@washington.edu,Ukraine,238.175.203.48
429,Annie,Henderson,ahendersonbw@odnoklassniki.ru,Sudan,169.174.18.51
430,Anne,Johnston,ajohnstonbx@naver.com,Denmark,169.150.175.114
431,Clarence,Murphy,cmurphyby@altervista.org,Russia,96.175.202.160
432,Laura,Olson,lolsonbz@twitter.com,Ukraine,162.56.230.77
433,Deborah,Armstrong,darmstrongc0@simplemachines.org,Indonesia,183.19.34.112
434,Norma,Lawson,nlawsonc1@issuu.com,China,146.70.29.9
435,Jeremy,Kelley,jkelleyc2@chronoengine.com,Sweden,159.203.72.117
436,Todd,Richardson,trichardsonc3@cocolog-nifty.com,Ghana,102.226.89.153
437,Laura,Hunt,lhuntc4@sina.com.cn,Indonesia,11.51.242.56
438,Joyce,Harper,jharperc5@berkeley.edu,China,232.149.174.187
439,Rose,Perkins,rperkinsc6@miitbeian.gov.cn,China,27.193.67.142
440,Gloria,Hunt,ghuntc7@yolasite.com,Russia,159.95.80.170
441,Frank,Duncan,fduncanc8@mashable.com,Indonesia,214.226.48.138
442,Kenneth,Bowman,kbowmanc9@rediff.com,Colombia,198.255.83.178
443,Dorothy,Dunn,ddunnca@nifty.com,Spain,203.57.182.102
444,Gregory,Anderson,gandersoncb@sina.com.cn,China,85.85.71.110
445,Robin,Sims,rsimscc@myspace.com,Macedonia,196.120.152.168
446,Jeremy,Cox,jcoxcd@studiopress.com,Poland,93.141.115.155
447,Ernest,Banks,ebanksce@scientificamerican.com,Mauritania,35.25.77.159
448,Matthew,Jones,mjonescf@guardian.co.uk,Germany,253.239.48.69
449,Kelly,Burton,kburtoncg@barnesandnoble.com,Russia,2.68.89.32
450,Ruby,Myers,rmyersch@digg.com,China,13.119.243.16
451,Clarence,Armstrong,carmstrongci@msn.com,Argentina,174.41.226.127
452,Carl,Lawson,clawsoncj@i2i.jp,China,147.155.20.157
453,Jeremy,Lewis,jlewisck@ovh.net,Russia,137.42.98.10
454,Debra,Harvey,dharveycl@cloudflare.com,Argentina,248.231.88.21
455,Justin,Foster,jfostercm@japanpost.jp,Indonesia,249.221.23.158
456,Tina,Weaver,tweavercn@google.nl,Philippines,100.42.223.163
457,Amanda,Russell,arussellco@gizmodo.com,Croatia,2.163.57.50
458,Joan,Perry,jperrycp@sfgate.com,Poland,133.68.197.74
459,Virginia,Nguyen,vnguyencq@myspace.com,Philippines,24.232.149.188
460,Antonio,Hart,ahartcr@nba.com,Japan,1.149.202.194
461,Louis,Butler,lbutlercs@eventbrite.com,Nigeria,129.31.179.166
462,Linda,Lynch,llynchct@rediff.com,Greece,85.253.185.97
463,Roy,Olson,rolsoncu@accuweather.com,China,242.62.107.108
464,Wanda,Weaver,wweavercv@baidu.com,Colombia,47.10.22.128
465,Nancy,Daniels,ndanielscw@squidoo.com,Myanmar,10.69.33.3
466,Nicole,Spencer,nspencercx@umich.edu,Bolivia,211.192.134.31
467,Henry,Hughes,hhughescy@ft.com,Denmark,181.182.226.159
468,Lois,Warren,lwarrencz@ucoz.ru,Colombia,219.92.85.240
469,Earl,Lawson,elawsond0@theatlantic.com,China,185.255.28.214
470,Charles,Robertson,crobertsond1@wiley.com,Thailand,34.52.157.224
471,Louise,Mitchell,lmitchelld2@livejournal.com,Portugal,159.137.154.107
472,Helen,Henry,hhenryd3@last.fm,China,150.85.24.111
473,Roy,George,rgeorged4@vkontakte.ru,North Korea,103.189.164.72
474,Brandon,James,bjamesd5@oakley.com,China,119.205.234.116
475,Daniel,Cruz,dcruzd6@google.com.br,Azerbaijan,27.255.245.21
476,Ernest,Fuller,efullerd7@whitehouse.gov,Comoros,156.127.206.164
477,Bobby,Gardner,bgardnerd8@engadget.com,Sweden,221.68.100.136
478,Daniel,Carpenter,dcarpenterd9@qq.com,Botswana,211.65.231.96
479,Marilyn,Gilbert,mgilbertda@ning.com,China,154.152.137.181
480,Alice,Griffin,agriffindb@cpanel.net,China,38.191.229.114
481,Jeffrey,Fields,jfieldsdc@google.co.jp,Czech Republic,3.2.239.108
482,Ruth,Garcia,rgarciadd@sciencedaily.com,China,22.148.47.218
483,Deborah,Richardson,drichardsonde@issuu.com,Philippines,178.99.106.20
484,Jason,Kelley,jkelleydf@engadget.com,China,100.53.160.149
485,Ann,Wilson,awilsondg@diigo.com,China,195.60.121.63
486,Carol,Grant,cgrantdh@washingtonpost.com,Portugal,92.158.42.82
487,Angela,Montgomery,amontgomerydi@nydailynews.com,Luxembourg,82.115.188.175
488,Paula,Scott,pscottdj@hatena.ne.jp,China,6.251.137.79
489,Steve,Bishop,sbishopdk@ycombinator.com,South Korea,220.195.220.69
490,Howard,Patterson,hpattersondl@msu.edu,United States,105.44.251.104
491,Lori,Hawkins,lhawkinsdm@columbia.edu,Mali,2.70.83.229
492,Tina,Thomas,tthomasdn@g.co,China,61.88.113.31
493,Nicholas,West,nwestdo@stanford.edu,Indonesia,72.78.31.91
494,Mark,Sanders,msandersdp@list-manage.com,Portugal,230.33.127.132
495,Michelle,Spencer,mspencerdq@yellowbook.com,Portugal,161.230.152.82
496,Judith,James,jjamesdr@nsw.gov.au,Greece,194.102.50.180
497,Carolyn,Dunn,cdunnds@ihg.com,China,100.210.235.121
498,Julia,Stanley,jstanleydt@unc.edu,Poland,233.4.171.223
499,Pamela,Ramos,pramosdu@dyndns.org,Ukraine,223.118.105.184
500,Jacqueline,Hunt,jhuntdv@reference.com,China,125.91.243.195
501,Robert,Hunter,rhunterdw@ebay.co.uk,Portugal,141.251.41.189
502,Stephanie,Rogers,srogersdx@istockphoto.com,France,135.244.156.4
503,Marilyn,Bryant,mbryantdy@disqus.com,Indonesia,108.111.157.74
504,Nicole,Taylor,ntaylordz@geocities.jp,Latvia,241.175.22.149
505,Randy,Fernandez,rfernandeze0@prlog.org,China,198.6.200.116
506,Stephanie,Graham,sgrahame1@google.com.au,China,4.203.225.149
507,Dorothy,Sullivan,dsullivane2@moonfruit.com,Indonesia,178.236.90.179
508,Denise,James,djamese3@usnews.com,Lebanon,16.110.119.24
509,Marie,Perez,mpereze4@geocities.com,Brazil,252.215.253.239
510,Charles,Watkins,cwatkinse5@facebook.com,Indonesia,50.24.147.93
511,Bruce,Brown,bbrowne6@usnews.com,Afghanistan,19.55.204.243
512,Timothy,Gomez,tgomeze7@cnet.com,Russia,189.240.19.2
513,Sarah,Scott,sscotte8@europa.eu,Indonesia,12.190.242.131
514,Thomas,Romero,tromeroe9@biblegateway.com,Ecuador,213.230.3.203
515,Judith,Martinez,jmartinezea@dyndns.org,Russia,142.146.54.188
516,Mary,Matthews,mmatthewseb@slideshare.net,Pakistan,166.253.216.254
517,Shirley,Bailey,sbaileyec@blog.com,Portugal,94.16.166.74
518,Brandon,Thomas,bthomased@apple.com,Tajikistan,40.99.41.148
519,Joshua,James,jjamesee@theglobeandmail.com,Russia,9.216.2.77
520,Jessica,Mills,jmillsef@baidu.com,United States,255.78.196.200
521,Lois,Harris,lharriseg@hatena.ne.jp,China,55.9.206.235
522,Virginia,Robinson,vrobinsoneh@weebly.com,Japan,22.199.212.201
523,Anna,Hanson,ahansonei@barnesandnoble.com,China,99.9.142.75
524,Anne,Turner,aturnerej@who.int,China,117.158.206.153
525,Barbara,Simmons,bsimmonsek@myspace.com,Russia,88.26.197.236
526,Louise,Crawford,lcrawfordel@sina.com.cn,Norway,96.200.68.101
527,Todd,Jordan,tjordanem@tinyurl.com,Greece,225.180.216.189
528,Ernest,Stevens,estevensen@dot.gov,China,204.139.131.77
529,Jennifer,Greene,jgreeneeo@instagram.com,Poland,223.145.99.38
530,Justin,Tucker,jtuckerep@ted.com,Bulgaria,153.162.116.76
531,Doris,Ross,drosseq@squidoo.com,Brazil,68.48.245.104
532,Janice,Schmidt,jschmidter@ning.com,Liberia,211.128.197.139
533,Katherine,Robertson,krobertsones@mapquest.com,Ukraine,46.238.105.91
534,Julia,Ross,jrosset@dot.gov,Indonesia,149.73.254.50
535,Amy,Kelly,akellyeu@prweb.com,Indonesia,223.21.22.219
536,Phillip,Rivera,priveraev@sourceforge.net,Indonesia,223.4.32.199
537,Alice,Hall,ahallew@comsenz.com,Indonesia,1.143.51.76
538,Donald,Black,dblackex@vimeo.com,Czech Republic,19.194.245.178
539,Jean,Wagner,jwagnerey@merriam-webster.com,Portugal,56.210.125.25
540,Norma,Flores,nfloresez@spotify.com,China,53.66.238.39
541,Ashley,Lee,aleef0@jigsy.com,Philippines,72.108.189.253
542,Jeremy,Sullivan,jsullivanf1@addthis.com,Ghana,153.222.162.216
543,Laura,Rogers,lrogersf2@imgur.com,Vietnam,168.104.35.243
544,Jessica,Fox,jfoxf3@cornell.edu,China,9.52.224.80
545,Victor,Holmes,vholmesf4@state.gov,France,26.106.56.54
546,Anna,Ross,arossf5@deliciousdays.com,Indonesia,101.3.52.7
547,Mary,Hall,mhallf6@timesonline.co.uk,Ghana,212.40.212.127
548,Lori,Berry,lberryf7@behance.net,Indonesia,252.54.122.224
549,Cynthia,West,cwestf8@telegraph.co.uk,Poland,58.213.182.220
550,Kimberly,Reed,kreedf9@4shared.com,Indonesia,21.122.39.176
551,Shirley,Allen,sallenfa@goodreads.com,China,127.191.183.110
552,Paul,Armstrong,parmstrongfb@wsj.com,Syria,1.78.81.244
553,Mildred,Porter,mporterfc@4shared.com,Iran,35.228.199.253
554,Patrick,Garcia,pgarciafd@washington.edu,Indonesia,108.158.77.25
555,Kathryn,Wagner,kwagnerfe@ow.ly,Portugal,203.52.190.202
556,Chris,Williams,cwilliamsff@hexun.com,China,216.61.92.173
557,Betty,Henderson,bhendersonfg@over-blog.com,United States,254.5.56.63
558,Rose,Barnes,rbarnesfh@cbslocal.com,Yemen,94.241.6.228
559,Stephen,Fuller,sfullerfi@hp.com,France,179.106.12.171
560,Ryan,Nguyen,rnguyenfj@4shared.com,Argentina,21.194.254.28
561,Rose,Johnston,rjohnstonfk@webeden.co.uk,Argentina,230.186.5.113
562,Andrea,James,ajamesfl@networkadvertising.org,Sweden,65.14.197.28
563,Arthur,Rivera,ariverafm@parallels.com,Finland,222.69.174.165
564,Angela,Ramirez,aramirezfn@newsvine.com,China,155.207.235.20
565,Earl,Watkins,ewatkinsfo@ow.ly,United States,12.18.155.191
566,Larry,Gray,lgrayfp@hubpages.com,Russia,78.69.71.107
567,Terry,Hunt,thuntfq@dailymail.co.uk,Brazil,129.64.174.205
568,Mildred,Barnes,mbarnesfr@hhs.gov,China,29.136.83.82
569,Phillip,Bishop,pbishopfs@shop-pro.jp,Palestinian Territory,9.111.98.36
570,Harold,Stevens,hstevensft@angelfire.com,Honduras,198.121.16.81
571,Rose,Mendoza,rmendozafu@go.com,Brazil,74.138.91.74
572,Randy,Williamson,rwilliamsonfv@amazon.co.uk,Indonesia,233.173.142.219
573,Earl,Phillips,ephillipsfw@squidoo.com,Poland,10.107.50.19
574,William,Kelley,wkelleyfx@over-blog.com,Poland,41.65.12.110
575,Carolyn,Carpenter,ccarpenterfy@about.me,Armenia,159.27.49.7
576,Peter,Campbell,pcampbellfz@opera.com,New Caledonia,249.226.147.96
577,Gloria,Arnold,garnoldg0@cafepress.com,Poland,26.200.58.180
578,Gary,Jones,gjonesg1@cmu.edu,Libya,249.107.86.23
579,Joshua,Morgan,jmorgang2@goo.ne.jp,China,164.101.46.26
580,Debra,Henderson,dhendersong3@nifty.com,Philippines,2.114.1.235
581,Jason,Campbell,jcampbellg4@washington.edu,United States,120.129.75.101
582,Keith,Jones,kjonesg5@etsy.com,Portugal,88.13.151.68
583,Shawn,Young,syoungg6@angelfire.com,Indonesia,150.237.139.216
584,Theresa,Holmes,tholmesg7@wikipedia.org,Philippines,47.30.14.127
585,Sarah,Jacobs,sjacobsg8@go.com,Belarus,214.209.40.123
586,Sarah,Daniels,sdanielsg9@digg.com,Afghanistan,224.236.48.102
587,Irene,Moreno,imorenoga@ca.gov,Canada,153.237.138.199
588,Jeffrey,Lee,jleegb@wired.com,China,217.199.209.216
589,Janet,Myers,jmyersgc@paypal.com,Indonesia,44.202.169.86
590,Ronald,Riley,rrileygd@wsj.com,Kazakhstan,5.218.200.218
591,Nancy,Mills,nmillsge@addthis.com,Denmark,253.167.78.196
592,Keith,Burke,kburkegf@house.gov,Thailand,67.107.52.24
593,Janice,Graham,jgrahamgg@posterous.com,Kazakhstan,156.149.92.175
594,Charles,Mitchell,cmitchellgh@wiley.com,France,14.164.191.200
595,Todd,Wood,twoodgi@berkeley.edu,Brazil,124.168.10.200
596,Barbara,Fuller,bfullergj@nytimes.com,South Africa,81.134.68.136
597,Paul,Lopez,plopezgk@xinhuanet.com,Indonesia,175.96.95.191
598,Brenda,Carroll,bcarrollgl@washingtonpost.com,Ukraine,199.180.91.129
599,Kevin,Howard,khowardgm@rakuten.co.jp,China,63.94.192.154
600,Jack,Patterson,jpattersongn@nba.com,China,67.175.7.21
601,Frank,Stevens,fstevensgo@psu.edu,China,126.184.19.157
602,Margaret,Spencer,mspencergp@yandex.ru,Afghanistan,113.56.252.171
603,Raymond,Cox,rcoxgq@nyu.edu,Colombia,14.189.201.91
604,Donna,Harrison,dharrisongr@tinypic.com,Benin,200.233.231.173
605,Katherine,Jordan,kjordangs@un.org,China,100.49.237.232
606,Lois,Hunter,lhuntergt@prlog.org,Poland,248.209.98.203
607,Steve,Smith,ssmithgu@merriam-webster.com,Armenia,167.112.125.59
608,Stephen,Butler,sbutlergv@usgs.gov,United States,135.198.132.221
609,Johnny,Tucker,jtuckergw@ask.com,Philippines,217.45.35.51
610,Linda,Watson,lwatsongx@wordpress.org,Philippines,4.103.75.158
611,Bobby,Ferguson,bfergusongy@amazon.com,Philippines,241.38.1.200
612,Adam,Wells,awellsgz@alexa.com,Indonesia,138.213.126.160
613,Julia,Lewis,jlewish0@unblog.fr,China,188.124.21.83
614,Louis,Peters,lpetersh1@marriott.com,Guatemala,123.180.221.193
615,Paula,Black,pblackh2@unblog.fr,France,255.107.98.156
616,Matthew,Ray,mrayh3@gravatar.com,China,119.196.199.186
617,Timothy,Ellis,tellish4@nydailynews.com,Poland,163.236.70.11
618,Ernest,Welch,ewelchh5@newsvine.com,United States,201.222.111.120
619,Jesse,Allen,jallenh6@clickbank.net,Indonesia,190.30.15.178
620,Janice,Kennedy,jkennedyh7@noaa.gov,Indonesia,176.30.173.45
621,Paula,White,pwhiteh8@wsj.com,Bosnia and Herzegovina,53.110.160.150
622,Richard,Cook,rcookh9@icio.us,China,72.121.90.245
623,Jonathan,Chavez,jchavezha@weibo.com,Azerbaijan,123.77.132.223
624,Keith,Torres,ktorreshb@chicagotribune.com,Indonesia,80.45.125.39
625,Mark,Stone,mstonehc@skyrock.com,Portugal,46.177.136.190
626,Nancy,Ward,nwardhd@dailymail.co.uk,Poland,234.111.181.196
627,Michael,Taylor,mtaylorhe@trellian.com,Serbia,136.68.146.58
628,Alan,Peterson,apetersonhf@bbc.co.uk,Ukraine,94.177.159.105
629,Ruth,Tucker,rtuckerhg@timesonline.co.uk,Brazil,63.54.61.78
630,Raymond,Day,rdayhh@mit.edu,China,111.69.193.177
631,Kelly,Gordon,kgordonhi@pbs.org,Indonesia,205.244.90.16
632,Jimmy,Ward,jwardhj@narod.ru,Colombia,108.150.187.73
633,Norma,Baker,nbakerhk@marriott.com,China,138.251.4.181
634,Anne,Jacobs,ajacobshl@51.la,Indonesia,38.28.55.122
635,Daniel,Williamson,dwilliamsonhm@etsy.com,Japan,150.150.85.168
636,Phillip,Graham,pgrahamhn@bravesites.com,Russia,136.244.123.10
637,Melissa,Turner,mturnerho@google.de,Ukraine,45.144.86.18
638,Angela,Lewis,alewishp@hostgator.com,China,65.16.87.0
639,Jerry,Sims,jsimshq@upenn.edu,Ukraine,203.93.71.225
640,Ann,Sanders,asandershr@slideshare.net,South Korea,73.240.130.251
641,Samuel,Duncan,sduncanhs@yahoo.com,Greece,31.27.164.209
642,Ernest,Thomas,ethomasht@odnoklassniki.ru,Peru,50.126.43.239
643,Donald,Peters,dpetershu@archive.org,Philippines,192.1.100.76
644,Todd,Alvarez,talvarezhv@noaa.gov,Slovenia,31.11.180.143
645,Ernest,Watkins,ewatkinshw@ovh.net,China,39.168.232.206
646,Anthony,Nichols,anicholshx@webeden.co.uk,New Zealand,64.100.83.195
647,Joan,Lane,jlanehy@berkeley.edu,Ethiopia,188.131.164.118
648,Arthur,Shaw,ashawhz@cloudflare.com,Croatia,242.214.162.116
649,Ralph,Richards,rrichardsi0@state.gov,Philippines,82.53.214.37
650,Carol,Reid,creidi1@sogou.com,Malaysia,203.219.91.207
651,Shawn,Burke,sburkei2@bbb.org,China,58.67.182.34
652,Elizabeth,Greene,egreenei3@weibo.com,Portugal,197.44.163.246
653,Julia,Barnes,jbarnesi4@google.com.br,United States,66.200.222.124
654,Bruce,Reyes,breyesi5@theglobeandmail.com,United States,40.76.178.152
655,Heather,Stephens,hstephensi6@independent.co.uk,Russia,125.234.94.105
656,Lisa,Rice,lricei7@barnesandnoble.com,Zimbabwe,217.243.135.234
657,Rose,Bryant,rbryanti8@wikispaces.com,Indonesia,234.17.234.134
658,Howard,Price,hpricei9@arizona.edu,China,17.101.243.138
659,Terry,Spencer,tspenceria@mozilla.com,United States,61.26.45.234
660,Ashley,Ward,awardib@google.com.br,Japan,44.111.71.12
661,Denise,Diaz,ddiazic@biglobe.ne.jp,Armenia,228.49.213.180
662,Jerry,Kelley,jkelleyid@state.tx.us,Russia,49.134.248.97
663,Christine,Smith,csmithie@boston.com,China,123.128.59.44
664,Philip,Hicks,phicksif@instagram.com,Argentina,160.166.242.34
665,Anthony,Allen,aallenig@dot.gov,Namibia,176.222.179.43
666,Stephanie,Ryan,sryanih@youtube.com,Macedonia,5.190.110.109
667,Jesse,Medina,jmedinaii@wiley.com,Iraq,122.108.23.25
668,Janet,Ruiz,jruizij@ameblo.jp,Philippines,117.199.103.204
669,Louis,Marshall,lmarshallik@google.it,Sweden,240.114.197.54
670,Cynthia,Kim,ckimil@live.com,Sweden,6.213.194.93
671,Peter,Morris,pmorrisim@wsj.com,Saudi Arabia,18.30.227.73
672,Jacqueline,Grant,jgrantin@scientificamerican.com,Thailand,30.53.121.129
673,Nicole,Robertson,nrobertsonio@xing.com,China,173.195.0.135
674,Robin,Harrison,rharrisonip@walmart.com,Indonesia,116.13.161.134
675,Brenda,Chapman,bchapmaniq@themeforest.net,Macedonia,37.246.32.157
676,Sharon,Johnston,sjohnstonir@github.com,Russia,133.134.213.51
677,Andrea,Dixon,adixonis@timesonline.co.uk,Philippines,109.192.65.74
678,Betty,Castillo,bcastilloit@ucoz.com,Czech Republic,116.194.141.222
679,Earl,Duncan,eduncaniu@newyorker.com,Indonesia,152.216.118.105
680,Julia,Lewis,jlewisiv@thetimes.co.uk,Hungary,89.165.225.71
681,Margaret,Reynolds,mreynoldsiw@wix.com,China,18.28.84.238
682,Alan,Meyer,ameyerix@phoca.cz,Ecuador,79.193.2.217
683,Phillip,George,pgeorgeiy@illinois.edu,China,68.33.174.177
684,Mildred,Duncan,mduncaniz@blogtalkradio.com,France,119.145.233.33
685,George,Tucker,gtuckerj0@delicious.com,China,16.38.145.148
686,Ronald,Smith,rsmithj1@sakura.ne.jp,Philippines,107.117.236.247
687,Sara,Peters,spetersj2@taobao.com,Russia,214.95.192.145
688,Walter,Cunningham,wcunninghamj3@sina.com.cn,Philippines,226.171.94.84
689,Teresa,Owens,towensj4@webmd.com,Mexico,150.187.239.131
690,Richard,Dixon,rdixonj5@edublogs.org,Japan,135.203.48.27
691,Ronald,Lee,rleej6@homestead.com,Greece,208.3.125.153
692,Nicole,Young,nyoungj7@icq.com,Argentina,151.35.16.146
693,Clarence,Evans,cevansj8@opera.com,Poland,53.31.210.12
694,Frank,Jackson,fjacksonj9@psu.edu,Indonesia,80.208.133.249
695,Shirley,Collins,scollinsja@purevolume.com,Sweden,49.6.234.183
696,William,Nelson,wnelsonjb@irs.gov,Serbia,105.38.28.223
697,Janice,Cunningham,jcunninghamjc@disqus.com,Philippines,203.42.220.60
698,Helen,Stewart,hstewartjd@about.com,Croatia,23.103.138.246
699,Brandon,Watkins,bwatkinsje@webs.com,China,166.21.253.78
700,Christopher,Schmidt,cschmidtjf@huffingtonpost.com,France,164.86.188.195
701,Lois,Payne,lpaynejg@foxnews.com,China,167.184.112.19
702,Elizabeth,West,ewestjh@google.ca,Finland,145.161.126.91
703,Carol,Lee,cleeji@weather.com,Russia,200.253.144.125
704,Brian,Harvey,bharveyjj@ow.ly,Morocco,170.145.195.90
705,Kathryn,West,kwestjk@artisteer.com,Portugal,19.35.127.241
706,Christopher,Holmes,cholmesjl@mashable.com,China,224.254.222.110
707,Andrea,Snyder,asnyderjm@go.com,Sweden,179.73.233.175
708,Terry,Watson,twatsonjn@so-net.ne.jp,Kazakhstan,96.9.48.163
709,Sharon,Sullivan,ssullivanjo@constantcontact.com,Greece,75.132.9.115
710,Heather,Richards,hrichardsjp@dyndns.org,China,190.160.178.36
711,Debra,Gomez,dgomezjq@123-reg.co.uk,Indonesia,11.219.112.40
712,Martin,Powell,mpowelljr@g.co,China,201.146.178.246
713,Evelyn,Jones,ejonesjs@exblog.jp,Canada,20.48.129.231
714,Henry,Welch,hwelchjt@buzzfeed.com,Canada,11.76.195.62
715,Lawrence,Boyd,lboydju@ask.com,Niger,5.20.35.171
716,Henry,Hanson,hhansonjv@bluehost.com,Philippines,109.174.76.173
717,Martha,Jones,mjonesjw@house.gov,Sri Lanka,107.174.21.121
718,Bobby,Rice,bricejx@paginegialle.it,Philippines,251.142.10.221
719,Virginia,Banks,vbanksjy@oracle.com,China,4.10.121.103
720,Rose,Payne,rpaynejz@imageshack.us,Russia,155.83.32.172
721,Gerald,Murphy,gmurphyk0@tamu.edu,Indonesia,67.217.127.51
722,Sandra,Carr,scarrk1@europa.eu,Thailand,92.56.21.94
723,Daniel,Burton,dburtonk2@gizmodo.com,Dominican Republic,215.123.171.216
724,Harry,Mccoy,hmccoyk3@webmd.com,Japan,242.155.84.125
725,Christopher,Harris,charrisk4@topsy.com,France,97.84.131.165
726,Laura,Hicks,lhicksk5@homestead.com,Portugal,76.195.252.9
727,Betty,Mcdonald,bmcdonaldk6@cpanel.net,Tunisia,195.101.242.133
728,Walter,Coleman,wcolemank7@gizmodo.com,China,158.237.253.240
729,Joan,Dunn,jdunnk8@blogs.com,Sweden,250.62.56.164
730,Rose,Coleman,rcolemank9@youtube.com,Argentina,189.215.45.185
731,Juan,Marshall,jmarshallka@jiathis.com,Brazil,199.156.213.233
732,Edward,Campbell,ecampbellkb@illinois.edu,Mongolia,68.132.253.96
733,Roy,Crawford,rcrawfordkc@virginia.edu,Philippines,159.7.23.116
734,Craig,Harris,charriskd@businesswire.com,Malaysia,44.49.35.223
735,Justin,Warren,jwarrenke@webnode.com,China,4.118.192.97
736,Sharon,Kennedy,skennedykf@zimbio.com,Japan,132.65.240.150
737,Alan,Matthews,amatthewskg@youku.com,Honduras,144.122.178.12
738,Jonathan,Stevens,jstevenskh@biglobe.ne.jp,Nigeria,169.138.148.36
739,Peter,Campbell,pcampbellki@facebook.com,Brazil,113.187.37.228
740,Laura,Lane,llanekj@posterous.com,Thailand,216.100.76.37
741,Diana,Stevens,dstevenskk@squidoo.com,Indonesia,153.225.200.193
742,Thomas,Lane,tlanekl@dagondesign.com,China,7.234.112.22
743,Emily,Welch,ewelchkm@dailymail.co.uk,Indonesia,15.53.159.19
744,Jack,Ross,jrosskn@tinyurl.com,Bangladesh,68.237.207.119
745,Judy,Ray,jrayko@census.gov,Indonesia,172.16.37.131
746,Christine,Harrison,charrisonkp@army.mil,United States,17.93.241.239
747,Marie,Morris,mmorriskq@123-reg.co.uk,Djibouti,68.175.23.27
748,Roy,Gomez,rgomezkr@4shared.com,Mayotte,163.220.64.86
749,Lois,Duncan,lduncanks@google.com.br,China,235.173.160.32
750,Albert,Rice,aricekt@senate.gov,Pakistan,95.192.228.247
751,Larry,Perkins,lperkinsku@bloglovin.com,Pakistan,206.226.96.137
752,Cheryl,Torres,ctorreskv@cbc.ca,Philippines,67.225.16.133
753,Sandra,Vasquez,svasquezkw@adobe.com,Philippines,52.216.28.89
754,Howard,Freeman,hfreemankx@blinklist.com,Portugal,145.208.138.225
755,Mary,Sanders,msandersky@theatlantic.com,Poland,12.222.235.209
756,Judith,Welch,jwelchkz@mayoclinic.com,Argentina,249.151.238.187
757,Mildred,Reed,mreedl0@sfgate.com,Portugal,91.169.204.63
758,Evelyn,Willis,ewillisl1@devhub.com,Serbia,81.19.230.179
759,Judith,Nguyen,jnguyenl2@sbwire.com,China,168.253.120.18
760,Juan,Ray,jrayl3@netlog.com,Sweden,174.191.223.175
761,Martin,Greene,mgreenel4@dmoz.org,Russia,160.101.38.71
762,Aaron,Freeman,afreemanl5@eepurl.com,Poland,168.241.64.91
763,Benjamin,Edwards,bedwardsl6@google.co.uk,Indonesia,172.205.211.162
764,Joe,Morgan,jmorganl7@cnet.com,Mexico,38.211.232.145
765,Louis,Ferguson,lfergusonl8@wordpress.org,United States,91.55.107.175
766,Dorothy,Harper,dharperl9@loc.gov,China,99.102.187.165
767,Stephanie,Wilson,swilsonla@sciencedaily.com,Indonesia,58.224.93.45
768,Thomas,Willis,twillislb@independent.co.uk,Russia,177.199.111.252
769,Charles,Bailey,cbaileylc@state.gov,China,173.213.127.140
770,Cynthia,Morgan,cmorganld@nhs.uk,Poland,239.76.221.28
771,Melissa,Harper,mharperle@seesaa.net,Sweden,238.248.190.68
772,Angela,Bell,abelllf@nhs.uk,Indonesia,63.48.129.25
773,Ronald,Morris,rmorrislg@twitpic.com,Ukraine,217.250.142.71
774,Jennifer,Ramos,jramoslh@skyrock.com,China,125.222.195.223
775,Paul,Reid,preidli@sohu.com,Canada,238.250.77.99
776,Aaron,Patterson,apattersonlj@paypal.com,South Korea,238.6.167.99
777,Philip,Bennett,pbennettlk@uiuc.edu,Indonesia,27.45.84.14
778,Mildred,Knight,mknightll@shareasale.com,Indonesia,116.132.74.136
779,Doris,Freeman,dfreemanlm@google.co.uk,Japan,5.123.229.172
780,Nancy,Schmidt,nschmidtln@typepad.com,Indonesia,28.221.198.250
781,Kathy,Miller,kmillerlo@wix.com,Syria,154.137.151.66
782,Carlos,Owens,cowenslp@shinystat.com,Indonesia,44.26.43.68
783,Daniel,Walker,dwalkerlq@sina.com.cn,Jordan,29.92.85.145
784,Diane,Gordon,dgordonlr@squarespace.com,Indonesia,18.241.165.22
785,Karen,Robinson,krobinsonls@soup.io,Macedonia,244.2.62.41
786,Lillian,Brown,lbrownlt@kickstarter.com,Poland,6.126.238.153
787,Theresa,Phillips,tphillipslu@cnbc.com,China,130.52.127.123
788,Alan,Dean,adeanlv@usda.gov,Indonesia,112.253.148.201
789,Jean,Gordon,jgordonlw@issuu.com,Italy,104.32.155.28
790,Rose,Ross,rrosslx@paypal.com,Ukraine,127.50.76.202
791,Joshua,Stephens,jstephensly@kickstarter.com,Indonesia,185.154.80.167
792,Victor,Reynolds,vreynoldslz@github.io,Poland,111.82.252.34
793,Nancy,Ruiz,nruizm0@de.vu,Russia,199.95.182.244
794,Nancy,Larson,nlarsonm1@typepad.com,Peru,85.48.122.53
795,Annie,Wright,awrightm2@bizjournals.com,Haiti,203.72.135.116
796,Randy,Alexander,ralexanderm3@europa.eu,Sweden,5.151.227.107
797,Sharon,Dean,sdeanm4@homestead.com,France,232.189.6.108
798,Thomas,Scott,tscottm5@woothemes.com,Norway,201.31.166.149
799,Russell,Weaver,rweaverm6@mit.edu,China,89.64.217.139
800,Carl,Alexander,calexanderm7@google.com.hk,Greece,249.230.1.203
801,Russell,Weaver,rweaverm8@google.com,Portugal,139.28.65.228
802,Katherine,Henry,khenrym9@businessinsider.com,Russia,234.60.134.250
803,Jesse,Reyes,jreyesma@wiley.com,Sweden,101.41.94.153
804,Brian,Tucker,btuckermb@google.com.hk,Indonesia,16.251.180.29
805,Mark,Jacobs,mjacobsmc@hatena.ne.jp,Norway,97.167.15.30
806,Mildred,Stone,mstonemd@ibm.com,United States,199.120.2.139
807,Denise,Crawford,dcrawfordme@sogou.com,Portugal,250.57.163.106
808,Annie,Barnes,abarnesmf@fema.gov,Vietnam,12.61.217.89
809,Linda,Tucker,ltuckermg@flickr.com,Indonesia,54.198.43.163
810,Christopher,Bryant,cbryantmh@pcworld.com,Indonesia,89.85.241.160
811,Johnny,Green,jgreenmi@sun.com,Serbia,97.201.67.84
812,Cynthia,Ferguson,cfergusonmj@elegantthemes.com,China,72.131.81.23
813,William,Mitchell,wmitchellmk@arizona.edu,Indonesia,193.157.21.18
814,Denise,Lawson,dlawsonml@pen.io,Cyprus,232.168.238.219
815,Walter,Jenkins,wjenkinsmm@meetup.com,China,213.144.115.202
816,Peter,Ortiz,portizmn@intel.com,China,5.92.139.77
817,Samuel,King,skingmo@thetimes.co.uk,Russia,197.16.163.1
818,Aaron,Nichols,anicholsmp@nature.com,Russia,180.234.117.111
819,Joe,Cruz,jcruzmq@samsung.com,Philippines,25.243.145.20
820,Margaret,Kim,mkimmr@nps.gov,Armenia,107.46.153.9
821,Rebecca,Mitchell,rmitchellms@nifty.com,United States,49.127.25.63
822,Kevin,Sullivan,ksullivanmt@blogspot.com,Portugal,193.42.29.185
823,Diane,Mccoy,dmccoymu@hud.gov,France,18.4.140.79
824,Melissa,Campbell,mcampbellmv@alexa.com,China,237.65.217.136
825,Jimmy,Kelly,jkellymw@sitemeter.com,Poland,208.134.137.11
826,Joan,Bowman,jbowmanmx@jalbum.net,Indonesia,69.240.8.76
827,Randy,Howell,rhowellmy@symantec.com,Russia,229.113.23.124
828,Barbara,Boyd,bboydmz@wsj.com,Russia,112.28.170.16
829,Kimberly,Kim,kkimn0@list-manage.com,Poland,90.138.56.111
830,Arthur,Willis,awillisn1@cbslocal.com,China,251.186.52.230
831,Kathleen,Garza,kgarzan2@bing.com,Mexico,135.182.43.127
832,Maria,Payne,mpaynen3@last.fm,Azerbaijan,155.106.209.238
833,Laura,Gilbert,lgilbertn4@google.es,Yemen,75.106.106.181
834,Douglas,Wright,dwrightn5@yahoo.com,Peru,212.70.249.177
835,Edward,Harris,eharrisn6@histats.com,Russia,136.24.105.60
836,Anna,Owens,aowensn7@virginia.edu,Indonesia,129.90.113.102
837,Teresa,Wilson,twilsonn8@state.gov,Slovenia,165.213.202.18
838,Elizabeth,Wallace,ewallacen9@bizjournals.com,Ukraine,9.255.102.110
839,Debra,Kennedy,dkennedyna@si.edu,Indonesia,211.106.186.223
840,Stephen,James,sjamesnb@thetimes.co.uk,China,48.243.237.130
841,Patrick,Williams,pwilliamsnc@shop-pro.jp,France,130.88.123.167
842,Jennifer,Garrett,jgarrettnd@goo.ne.jp,Pakistan,100.152.111.153
843,Victor,Wagner,vwagnerne@intel.com,Portugal,142.233.111.230
844,Billy,Gardner,bgardnernf@chron.com,China,64.59.237.105
845,Martha,Bennett,mbennettng@zimbio.com,Russia,204.15.146.13
846,Willie,Hansen,whansennh@lulu.com,Russia,50.115.22.192
847,Albert,Gardner,agardnerni@dropbox.com,Egypt,183.34.172.248
848,Bobby,Bryant,bbryantnj@berkeley.edu,China,124.126.183.58
849,Teresa,Wilson,twilsonnk@elegantthemes.com,Russia,209.209.106.124
850,Bobby,Banks,bbanksnl@mysql.com,Germany,59.40.59.163
851,Earl,Reed,ereednm@hostgator.com,Colombia,184.100.14.91
852,Norma,Gardner,ngardnernn@shinystat.com,Poland,32.24.161.74
853,Louis,Phillips,lphillipsno@biglobe.ne.jp,Poland,205.235.139.16
854,Kelly,Campbell,kcampbellnp@google.co.jp,China,46.128.178.28
855,Henry,Sanders,hsandersnq@reference.com,China,88.68.108.175
856,Shawn,Greene,sgreenenr@miibeian.gov.cn,Indonesia,248.155.51.156
857,Amanda,Clark,aclarkns@nasa.gov,Guatemala,127.30.106.202
858,Louise,King,lkingnt@cbslocal.com,China,224.253.26.192
859,Raymond,Gardner,rgardnernu@indiegogo.com,Philippines,142.19.209.49
860,Frances,Shaw,fshawnv@51.la,Ukraine,61.174.253.212
861,Benjamin,Garza,bgarzanw@google.ca,Russia,108.154.135.130
862,Diana,Nelson,dnelsonnx@addthis.com,Iran,139.33.200.133
863,Gloria,Morris,gmorrisny@sfgate.com,Bulgaria,24.194.157.227
864,Brenda,Cole,bcolenz@nymag.com,Colombia,15.209.192.89
865,Pamela,Day,pdayo0@google.ru,Poland,16.167.61.102
866,Ralph,Patterson,rpattersono1@gravatar.com,Indonesia,163.109.163.150
867,Louis,James,ljameso2@samsung.com,Poland,172.83.147.194
868,Eric,Burns,eburnso3@amazon.de,Armenia,234.138.30.159
869,Evelyn,Burton,eburtono4@hibu.com,Iran,227.225.100.89
870,Mark,Roberts,mrobertso5@deviantart.com,Czech Republic,7.75.17.150
871,Jennifer,White,jwhiteo6@last.fm,France,203.104.70.99
872,Phillip,Peterson,ppetersono7@adobe.com,China,189.183.28.205
873,Pamela,Cook,pcooko8@java.com,Indonesia,206.149.156.192
874,Kenneth,Wagner,kwagnero9@surveymonkey.com,Afghanistan,124.55.244.216
875,Deborah,Sanders,dsandersoa@reuters.com,China,9.221.220.49
876,Theresa,Stephens,tstephensob@springer.com,Poland,112.188.81.210
877,Kathleen,Miller,kmilleroc@geocities.com,Myanmar,0.131.187.200
878,Angela,Ortiz,aortizod@soup.io,Thailand,139.10.95.179
879,Russell,Bowman,rbowmanoe@slideshare.net,China,160.33.98.114
880,Ralph,Edwards,redwardsof@merriam-webster.com,Poland,117.181.92.222
881,Helen,Moore,hmooreog@tuttocitta.it,Mexico,72.52.25.239
882,Elizabeth,Cook,ecookoh@eventbrite.com,Japan,87.40.161.24
883,Kelly,Little,klittleoi@usnews.com,Nicaragua,101.43.217.205
884,Steve,Watkins,swatkinsoj@linkedin.com,Indonesia,103.149.246.110
885,Christine,Jones,cjonesok@aboutads.info,Poland,150.71.6.87
886,Norma,Roberts,nrobertsol@toplist.cz,Indonesia,179.192.251.76
887,Jean,Martinez,jmartinezom@tiny.cc,Russia,107.217.249.39
888,Harold,Chapman,hchapmanon@paypal.com,Brazil,129.87.223.214
889,Thomas,Sullivan,tsullivanoo@godaddy.com,Guatemala,142.216.88.168
890,Pamela,Hansen,phansenop@vinaora.com,Philippines,10.238.136.99
891,Howard,Wallace,hwallaceoq@mapquest.com,Brazil,117.38.59.69
892,Beverly,Murray,bmurrayor@paginegialle.it,Brazil,53.145.54.8
893,Jimmy,Sanchez,jsanchezos@purevolume.com,United States,73.193.124.216
894,Norma,Howell,nhowellot@lycos.com,United States,36.194.18.40
895,Carlos,Hanson,chansonou@apache.org,South Africa,34.237.197.46
896,Chris,Ramos,cramosov@ftc.gov,Germany,64.0.175.203
897,Doris,Walker,dwalkerow@free.fr,Croatia,255.216.136.124
898,Ruby,Burns,rburnsox@amazon.de,China,102.75.46.178
899,Ralph,Arnold,rarnoldoy@photobucket.com,China,241.122.8.175
900,Judy,Rodriguez,jrodriguezoz@telegraph.co.uk,Venezuela,98.120.2.221
901,Dennis,Long,dlongp0@mapquest.com,Poland,254.170.79.247
902,Jose,Jackson,jjacksonp1@domainmarket.com,China,45.232.237.116
903,Joan,Schmidt,jschmidtp2@chron.com,China,232.232.94.88
904,Stephen,Simpson,ssimpsonp3@facebook.com,China,73.16.4.132
905,Diane,Hunter,dhunterp4@jimdo.com,Iran,144.183.126.234
906,Janice,Marshall,jmarshallp5@nyu.edu,China,24.222.177.117
907,Katherine,Richardson,krichardsonp6@google.com.hk,China,6.150.58.92
908,Brenda,Daniels,bdanielsp7@cafepress.com,China,133.156.151.252
909,Irene,Murphy,imurphyp8@yolasite.com,Russia,81.193.82.103
910,Catherine,Dunn,cdunnp9@technorati.com,Indonesia,229.9.111.141
911,Jonathan,Burton,jburtonpa@wikimedia.org,Indonesia,233.208.52.15
912,Debra,Porter,dporterpb@imdb.com,Norway,109.92.30.83
913,Wanda,Arnold,warnoldpc@cdbaby.com,Ireland,144.22.165.84
914,Ashley,Simmons,asimmonspd@gnu.org,France,12.2.52.66
915,Rachel,White,rwhitepe@merriam-webster.com,Brazil,164.184.186.120
916,Henry,Fowler,hfowlerpf@whitehouse.gov,Finland,244.168.7.49
917,Sharon,Ortiz,sortizpg@elegantthemes.com,Afghanistan,234.15.236.190
918,Tammy,Morgan,tmorganph@qq.com,Indonesia,58.247.52.5
919,Sharon,Garrett,sgarrettpi@mtv.com,China,113.141.99.159
920,Elizabeth,Reyes,ereyespj@forbes.com,South Africa,134.11.25.144
921,Lisa,Gardner,lgardnerpk@t.co,China,243.89.78.44
922,John,Bailey,jbaileypl@multiply.com,Poland,89.14.255.97
923,Albert,Bradley,abradleypm@technorati.com,Portugal,177.148.190.184
924,Bruce,Perry,bperrypn@cam.ac.uk,Greece,51.85.117.142
925,Walter,Lewis,wlewispo@over-blog.com,Russia,168.122.233.17
926,Billy,James,bjamespp@spotify.com,South Korea,111.137.132.112
927,Christopher,Edwards,cedwardspq@boston.com,Poland,210.88.94.186
928,Mildred,Fernandez,mfernandezpr@weather.com,China,156.117.161.175
929,Katherine,Mcdonald,kmcdonaldps@ycombinator.com,Czech Republic,76.136.217.91
930,Gary,Flores,gflorespt@washington.edu,China,74.115.0.207
931,Larry,Castillo,lcastillopu@cisco.com,Indonesia,59.195.179.51
932,James,Sanders,jsanderspv@cnn.com,Canada,197.37.249.249
933,George,Barnes,gbarnespw@topsy.com,Costa Rica,173.99.55.4
934,Joe,Wallace,jwallacepx@skyrock.com,Sweden,68.52.237.180
935,Jose,Ferguson,jfergusonpy@state.gov,Russia,108.45.50.123
936,Kimberly,Crawford,kcrawfordpz@microsoft.com,Luxembourg,147.85.174.129
937,Jane,Gordon,jgordonq0@oracle.com,China,98.75.172.144
938,Joyce,Bailey,jbaileyq1@wiley.com,Serbia,224.225.148.206
939,Henry,Greene,hgreeneq2@loc.gov,Pakistan,128.50.231.246
940,Doris,Morris,dmorrisq3@ycombinator.com,China,216.185.49.241
941,Irene,Jordan,ijordanq4@unesco.org,Poland,232.19.170.178
942,Thomas,Gray,tgrayq5@thetimes.co.uk,Indonesia,223.45.238.67
943,Sarah,Adams,sadamsq6@jimdo.com,China,82.47.155.217
944,Peter,Walker,pwalkerq7@cdc.gov,France,164.63.236.217
945,Janice,Howell,jhowellq8@themeforest.net,Indonesia,200.224.170.252
946,Bruce,Williamson,bwilliamsonq9@nyu.edu,Philippines,67.174.215.72
947,Kathryn,Edwards,kedwardsqa@soundcloud.com,China,91.67.115.46
948,Joseph,Carroll,jcarrollqb@shutterfly.com,Peru,225.59.31.0
949,Denise,Hughes,dhughesqc@prweb.com,China,44.132.181.177
950,Kelly,Ford,kfordqd@qq.com,China,30.161.86.126
951,Norma,Bowman,nbowmanqe@github.com,Armenia,139.223.155.156
952,Timothy,Kim,tkimqf@google.fr,Australia,104.186.145.226
953,Jean,Mendoza,jmendozaqg@taobao.com,Uruguay,211.239.98.163
954,Theresa,Carpenter,tcarpenterqh@whitehouse.gov,Greece,142.237.189.233
955,Michelle,Spencer,mspencerqi@gizmodo.com,Sweden,54.28.115.161
956,Cheryl,Watkins,cwatkinsqj@biglobe.ne.jp,Czech Republic,106.102.229.99
957,Carl,Nelson,cnelsonqk@economist.com,Brazil,33.151.85.102
958,Julie,Turner,jturnerql@woothemes.com,Mongolia,62.62.167.32
959,Donald,Sims,dsimsqm@columbia.edu,Azerbaijan,250.174.192.234
960,Willie,Nichols,wnicholsqn@hc360.com,Sweden,87.160.193.214
961,Benjamin,Walker,bwalkerqo@mapquest.com,United States,211.238.196.188
962,Michael,Stevens,mstevensqp@hubpages.com,China,88.121.121.205
963,Jerry,West,jwestqq@columbia.edu,Honduras,20.120.96.139
964,Michael,Myers,mmyersqr@theatlantic.com,China,40.111.246.161
965,Pamela,Jordan,pjordanqs@usa.gov,Colombia,237.97.148.133
966,Cheryl,Chapman,cchapmanqt@amazon.com,Brazil,16.92.197.88
967,Shawn,Simmons,ssimmonsqu@blogspot.com,Sweden,107.200.101.172
968,Aaron,Bailey,abaileyqv@paginegialle.it,Portugal,199.112.193.120
969,Joseph,Moreno,jmorenoqw@icq.com,Guatemala,51.93.38.250
970,Fred,Bailey,fbaileyqx@dropbox.com,Indonesia,187.236.8.27
971,Mark,Morris,mmorrisqy@prlog.org,Brazil,94.149.56.31
972,Jesse,Fisher,jfisherqz@naver.com,Nigeria,216.160.18.255
973,Walter,Simmons,wsimmonsr0@163.com,Thailand,168.138.153.52
974,Maria,Peters,mpetersr1@jigsy.com,China,152.248.52.234
975,Amanda,Collins,acollinsr2@desdev.cn,China,15.26.201.152
976,Sharon,Harper,sharperr3@vk.com,Albania,106.106.227.134
977,Doris,Morgan,dmorganr4@nationalgeographic.com,Russia,136.226.10.67
978,Carl,Gonzales,cgonzalesr5@wiley.com,Thailand,25.47.91.88
979,Henry,Long,hlongr6@economist.com,Benin,0.164.171.119
980,Eugene,Morris,emorrisr7@dropbox.com,Afghanistan,230.96.248.213
981,Jessica,Ferguson,jfergusonr8@state.gov,China,255.199.73.143
982,Julia,Garcia,jgarciar9@businesswire.com,Indonesia,82.41.227.250
983,Johnny,Black,jblackra@unblog.fr,Russia,250.46.229.88
984,Billy,Robinson,brobinsonrb@microsoft.com,Sweden,135.181.147.71
985,Jessica,Wagner,jwagnerrc@51.la,Portugal,122.23.118.37
986,Lillian,Boyd,lboydrd@rakuten.co.jp,Tajikistan,44.224.40.114
987,Ralph,Vasquez,rvasquezre@theguardian.com,Dominican Republic,167.54.15.95
988,Louise,Fox,lfoxrf@opensource.org,Indonesia,188.45.58.0
989,Sarah,Andrews,sandrewsrg@aol.com,Panama,4.21.118.70
990,Martha,Collins,mcollinsrh@amazon.com,China,252.90.30.42
991,Rachel,Wallace,rwallaceri@google.cn,Brazil,96.174.147.77
992,Robin,Cole,rcolerj@diigo.com,China,85.70.122.208
993,Donald,Fowler,dfowlerrk@xing.com,Philippines,198.66.210.42
994,Sean,Bishop,sbishoprl@tiny.cc,United States,46.179.58.198
995,Arthur,Moore,amoorerm@state.tx.us,Slovenia,117.117.168.9
996,Stephanie,Ortiz,sortizrn@t-online.de,Tajikistan,193.114.43.204
997,Stephen,Anderson,sandersonro@surveymonkey.com,Poland,93.29.211.126
998,Bruce,Bryant,bbryantrp@sourceforge.net,Sweden,174.11.92.96
999,Marilyn,Griffin,mgriffinrq@thetimes.co.uk,Democratic Republic of the Congo,42.4.73.190
1000,Steven,Hayes,shayesrr@ehow.com,Sweden,183.197.223.29
